{"graph": {"_type": "graph-file", "sha256": "8cdff07f2ad20304bd58eccd2218bd8c595c695032533f33cb5e39d6eac5fdfe", "size": 2466, "path": "media/graph/graph_summary_8cdff07f2ad20304bd58.graph.json"}, "epoch": 4, "_timestamp": 1690873065.0842352, "loss": 0.6659933924674988, "accuracy": 0.9335964322090149, "val_loss": 0.6989400386810303, "val_accuracy": 0.9339382648468018, "_runtime": 309.61864614486694, "_step": 4, "best_val_loss": 0.6989400386810303, "best_epoch": 4, "_wandb": {"runtime": 310}}