{"graph": {"_type": "graph-file", "sha256": "6199d5d1247e4b8b695328abccff453f5b78f0e7c2cf810a5f1fef0b0cbabc94", "size": 2464, "path": "media/graph/graph_summary_6199d5d1247e4b8b6953.graph.json"}, "epoch": 4, "_timestamp": 1690887532.0161135, "loss": 0.3361964821815491, "accuracy": 0.8784868717193604, "val_loss": 0.8074221611022949, "val_accuracy": 0.8638838529586792, "_runtime": 14416.869848489761, "_step": 4, "best_val_loss": 0.7931866645812988, "best_epoch": 0, "_wandb": {"runtime": 14415}}