{"graph": {"_type": "graph-file", "sha256": "149710c5c10d0e8b7c6a2512da1e102d50795f35c4f12e90e4e270ba9154df22", "size": 2466, "path": "media/graph/graph_summary_149710c5c10d0e8b7c6a.graph.json"}, "epoch": 4, "_timestamp": 1690889512.4546201, "loss": 0.260201632976532, "accuracy": 0.9391754269599915, "val_loss": 0.3610551059246063, "val_accuracy": 0.938293993473053, "_runtime": 461.8192582130432, "_step": 4, "best_val_loss": 0.2875167429447174, "best_epoch": 3, "_wandb": {"runtime": 460}}