{"graph": {"_type": "graph-file", "sha256": "9920a57e2ad85609eae5b694400eec8536c67cdd27a99fb2a5c6a0aa9b96769f", "size": 2463, "path": "media/graph/graph_summary_9920a57e2ad85609eae5.graph.json"}, "epoch": 4, "_timestamp": 1690890008.9789429, "loss": 0.2165776789188385, "accuracy": 0.9395835995674133, "val_loss": 0.18434475362300873, "val_accuracy": 0.9531760215759277, "_runtime": 466.51826786994934, "_step": 4, "best_val_loss": 0.18434475362300873, "best_epoch": 4, "_wandb": {"runtime": 477}}