{"graph": {"_type": "graph-file", "sha256": "1906069ce5e6468c789ac8f7d64facdfbde8672dcd3723f0bf517f754807e958", "size": 2568, "path": "media/graph/graph_summary_1906069ce5e6468c789a.graph.json"}, "epoch": 3, "_timestamp": 1690724340.9730618, "loss": 0.1437702476978302, "tn": 10474.0, "fn": 474.0, "tp": 10511.0, "fp": 588.0, "accuracy": 0.9518302083015442, "recall": 0.9568502306938171, "precision": 0.9470222592353821, "auc": 0.985031247138977, "_runtime": 1202.2455627918243, "_step": 8, "_wandb": {"runtime": 1243}}