{"graph": {"_type": "graph-file", "sha256": "200116b52ee6e84a17e5acb2f59f313412377f36a63fa800ebc565f7426144fd", "size": 2564, "path": "media/graph/graph_summary_200116b52ee6e84a17e5.graph.json"}, "epoch": 0, "_timestamp": 1690723023.8750577, "loss": 0.3900526762008667, "tn": 27515.0, "fn": 6412.0, "tp": 27930.0, "fp": 7039.0, "accuracy": 0.804763674736023, "recall": 0.8132898211479187, "precision": 0.7987074255943298, "auc": 0.8897066712379456, "_runtime": 1111.2434227466583, "_step": 0, "_wandb": {"runtime": 350}}