{"graph": {"_type": "graph-file", "sha256": "69499b92538f51942f6540f07e02a2c9c600cabff5a45a724497862e944caadb", "size": 2465, "path": "media/graph/graph_summary_69499b92538f51942f65.graph.json"}, "epoch": 4, "_timestamp": 1690889020.4760091, "loss": 0.2960255742073059, "accuracy": 0.9399464726448059, "val_loss": 0.32341867685317993, "val_accuracy": 0.9357531666755676, "_runtime": 1460.0447051525116, "_step": 4, "best_val_loss": 0.3164028227329254, "best_epoch": 2, "_wandb": {"runtime": 1457}}